Date Set,Case No,Location,ParcelID,Eff. Date
04/19/2013,20343,1339 S 32ND ST,048C00710000,08/29/2013
03/12/2013,74699,665 LOUIS COLEMAN JR DR,006H02030000,10/04/2011
03/06/2013,93956,3132 GARLAND AVE,046C00920000,04/13/2009
05/13/2013,97074,1112 LOUIS COLEMAN JR DR,045E00510000,05/13/2013
02/07/2013,99482,1857 W ORMSBY AVE,038L01680000,12/06/2007
05/01/2013,100255,716 HENRY FIRPO ST,021G00880000,02/23/2007
03/12/2013,106614,912 S 32ND ST,045C00780000,03/03/2012
05/16/2013,108539,2312 W MADISON ST,001C01310000,09/27/2011
01/11/2013,119987,1372 CYPRESS ST,048E00980000,07/15/2010
11/01/2013,127233,308 N 20TH ST,003G01770000,01/22/2010
01/10/2013,128079,542 S 18TH ST,001E01270000,09/08/2008
12/18/2013,135901,4224 VIRGINIA AVE,047B00500000,04/06/2007
12/09/2013,138210,1725 BOLLING AVE,039F01280000,09/22/2009
03/14/2013,139122,680 S 38TH ST,006F00980000,02/14/2012
03/12/2013,139603,217 S 28TH ST 1,002B00710000,03/11/2013
10/29/2013,140600,1617 BANK ST,015H00220000,04/20/2010
11/01/2013,142354,1252 EUCLID AVE,063A00590000,11/02/2009
09/27/2013,148969,1423 LONGFIELD AVE,064C00570000,07/24/2012
05/13/2013,149452,4748 S 6TH ST,054F00930000,10/25/2011
10/11/2013,151870,4705 S 1ST ST,059A00120000,12/10/2010
11/22/2013,153786,1743 W HILL ST,039F00720000,01/26/2009
01/04/2013,154207,310 E JACOB ST,030B00330000,08/10/2012
05/07/2013,186986,662 S 43RD ST,006D00840000,10/03/2012
01/04/2013,160976,2711 GREENWOOD AVE,046D00480000,05/02/2008
04/09/2013,192564,1535 S 32ND ST,049L00100000,08/21/2007
03/12/2013,198876,426 S 28TH ST,002G01420000,03/11/2013
10/15/2013,201937,1427 S 28TH ST,048K00290000,11/06/2012
05/07/2013,205404,2227 DUMESNIL ST,038H00090000,08/11/2011
10/03/2013,207530,1844 GRAND AVE,038F00920000,12/02/2013
11/08/2013,223099,1746 BOLLING AVE,039F00950000,04/24/2006
04/23/2013,226759,2520 W MUHAMMAD ALI BLVD,002H00660000,04/23/2013
03/11/2013,228900,1451 S 23RD ST,041C01560000,01/25/2012
09/25/2013,232838,2118 GREENWOOD AVE,038F01290000,09/21/2005
01/11/2013,244109,2518 W MUHAMMAD ALI BLVD,002H00660000,01/11/2013
02/05/2013,245054,2317 GREENWOOD AVE,038A00350000,12/27/2012
03/12/2013,245740,659 LOUIS COLEMAN JR DR,006H01110000,07/21/2006
05/22/2013,245810,3018 HALE AVE,046H00920000,04/26/2013
03/18/2013,245925,670 S 35TH ST,006G01610000,11/30/2007
03/19/2013,247107,1631 PRENTICE ST,037D02270000,11/26/2013
03/06/2013,247442,2402 W MADISON ST,001B01290000,06/25/2009
01/24/2013,252317,3403 GREENWOOD AVE,045B00260000,09/27/2012
10/14/2013,253936,317 N 21ST ST,003G01670000,12/11/2008
11/18/2013,256805,1723 W GAULBERT AVE,039F00340000,08/21/2012
11/01/2013,258189,510 N 17TH ST,015G01580000,01/18/2013
11/26/2013,261963,1776 W GAULBERT AVE,041F00370000,03/19/2007
04/02/2013,268942,675 S 38TH ST,006F01230000,08/19/2011
05/21/2013,271931,3125 VIRGINIA AVE,046H00470000,11/26/2012
05/09/2013,275530,2702 BANK ST,004F01330000,10/19/2012
02/20/2013,278128,2219 W OAK ST,038H00530000,10/04/2011
08/08/2013,280146,428 S 28TH ST,002G01410000,09/25/2012
05/16/2013,280294,1806 LYTLE ST,015G00510000,12/13/2012
05/08/2013,281878,2136 DUNCAN ST,003G00320000,10/21/2013
01/10/2013,281985,1406 CATALPA ST,048J01290000,11/28/2007
02/05/2013,282559,111 N KEATS AVE,072B00450000,01/31/2012
11/18/2013,290635,1718 W GAULBERT AVE,039F00170000,05/08/2012
12/18/2013,291282,1411 S 32ND ST,048H01060000,01/31/2013
03/27/2013,295611,155 N JANE ST,072A00890000,10/31/2008
09/09/2013,299334,6640 STRAWBERRY LN,059F00360092,01/17/2012
04/22/2013,300558,2106 GREENWOOD AVE,038F01350000,06/17/2011
02/18/2013,302029,2208 DUMESNIL ST,038L00790000,05/17/2009
04/10/2013,309184,1767 W HILL ST,041F01310000,08/03/2009
10/16/2013,309791,1725 HALE AVE,037F01130000,10/16/2013
01/22/2013,310585,1840 W KENTUCKY ST,038C00200000,11/14/2013
03/26/2013,315916,3756 PENWAY AVE,047G01910000,07/28/2009
03/13/2013,327436,3523 GREENWOOD AVE,045B00090000,07/31/2009
02/20/2013,338563,4012 BEAVER ST,053F00480000,07/03/2012
09/30/2013,339379,670 S 37TH ST,006F01460000,09/26/2011
05/21/2013,341377,3422 W MUHAMMAD ALI BLVD,007F00190000,05/12/2009
04/04/2013,348994,1348 SALE AVE,064C01320000,07/19/2010
06/25/2013,360864,343 S 42ND ST,008D00930000,10/23/2013
11/22/2013,362100,1797 BOLLING AVE,041F01670000,10/20/2011
01/17/2013,376065,303 S 43RD ST,008D00640000,04/23/2012
06/18/2013,377312,1431 BERRY BLVD,064D00190000,09/28/2012
03/14/2013,385299,123 S 38TH ST,009K00200000,04/14/2011
02/14/2013,398116,151 N JANE ST,072A00880000,10/02/2013
04/02/2013,403210,2306 W MADISON ST,001C01340000,10/17/2012
12/11/2013,414666,1727 BOLLING AVE,039F01270000,03/09/2012
12/26/2013,416984,1706 WILSON AVE,039D00130000,08/01/2011
02/05/2013,437598,726 IOWA AVE,050H01050000,04/20/2012
12/05/2013,280294,1806 LYTLE ST,015G00510000,12/13/2012
04/11/2013,15902,965 S 7TH ST,029E00240000,02/11/2009
02/20/2013,16817,718 S 23RD ST,036A00790000,08/04/2006
03/08/2013,32943,3846 W MUHAMMAD ALI BLVD,007D00780000,02/28/2012
03/12/2013,44939,3130 RIVER PARK DR,007K00350000,05/05/2008
04/17/2013,48812,319 SHAWNEE DR,008C00460000,02/18/2013
10/10/2013,54317,126 N 20TH ST,003M01360000,04/09/2013
12/13/2013,68585,2014 W MARKET ST,002E01060000,04/10/2013
10/31/2013,68865,1837 W KENTUCKY ST,038C00480000,10/31/2013
05/22/2013,73548,1033 LOUIS COLEMAN JR DR,045F01060000,11/27/2012
03/14/2013,76270,685 S 38TH ST,006F01180000,08/16/2009
03/12/2013,83820,2510 W JEFFERSON ST,002C00440000,09/25/2012
09/25/2013,84887,5405 WINDING RD,062J00910000,09/25/2013
03/29/2013,85539,3131 MCATEE AVE,006J00720000,11/15/2011
04/26/2013,86444,629 CECIL AVE,006B00460000,07/09/2008
09/19/2013,87406,2410 W JEFFERSON ST,002C00520000,06/03/2008
05/15/2013,87572,2316 STANDARD AVE,040H01470000,02/10/2009
02/13/2013,89150,730 SUTCLIFFE AVE,043F00590000,10/01/2012
04/11/2013,96430,604 EASTERN PKY 1,083B01600000,11/07/2005
10/22/2013,97722,1609 ANDERSON ST,036D00810000,10/22/2013
09/19/2013,97973,2433 CEDAR ST,002C00130000,12/05/2012
03/11/2013,98582,2203 W BURNETT AVE,041C01450000,04/10/2007
01/31/2013,99352,524 E OAK ST,023C00280000,10/09/2012
04/23/2013,99502,2302 MAGAZINE ST,001H00550000,04/07/2011
01/11/2013,99759,782 S SHELBY ST,021G01990000,06/12/2009
01/07/2013,101142,413 M ST,050F01680000,01/27/2009
01/23/2013,106217,1531 CATALPA ST,040F00350000,10/04/2011
03/18/2013,110332,432 MONTANA AVE,050D00630000,03/19/2009
02/07/2013,110860,2102 W ORMSBY AVE,038L00470000,
11/26/2013,111305,1415 S 8TH ST,031J01070000,06/11/2012
04/03/2013,112454,2435 ELLIOTT AVE,001G01470000,04/03/2013
10/08/2013,112641,2643 BANK ST,004B00720000,03/08/2012
05/16/2013,115220,2313 ST LOUIS AVE,040J01000000,02/11/2011
04/02/2013,115642,721 LAMPTON ST,021G01790000,06/08/2007
01/16/2013,115888,1308 HIGHLAND AVE,027B01010000,07/22/2011
02/07/2013,115908,216 ST JOSEPH ST,030K00220000,06/09/2011
05/08/2013,115939,2237 GRAND AVE,038E00750000,02/28/2012
03/21/2013,116687,2316 W ORMSBY AVE,038K00840000,02/05/2007
04/22/2013,117992,2109 W BURNETT AVE,041C01530000,09/04/2012
04/02/2013,118120,2728 W CHESTNUT ST,001A00660000,03/08/2012
03/04/2013,120403,626 FLORAL TER,031H00310000,
04/02/2013,120494,928 S JACKSON ST,022A01320000,04/02/2013
10/14/2013,120642,1458 S 7TH ST,031J00330000,01/08/2014
03/11/2013,123566,660 S 23RD ST,001H00290000,03/11/2013
05/16/2013,124573,2111 S SHELBY ST,024H00470000,04/11/2012
02/18/2013,124924,2219 WOODLAND AVE,041B00340000,05/02/2011
02/13/2013,125882,425 M ST,050F01500000,10/16/2012
04/09/2013,127359,1814 W GAULBERT AVE,041D01370000,10/31/2013
01/08/2013,128108,3412 W KENTUCKY ST,045B00460000,11/18/2013
11/15/2013,128359,1920 W MUHAMMAD ALI BLVD,002L00380000,11/15/2013
12/17/2013,129079,1379 DIXIE HWY,039C00040000,05/16/2011
04/09/2013,129317,3825 W MARKET ST,009J01140000,12/19/2011
11/06/2013,133259,2121 DUNCAN ST,003G00920000,12/06/2012
03/27/2013,133743,837 S 32ND ST,043H01210000,10/26/2012
01/16/2013,134805,2124 W MADISON ST,001D00720000,08/28/2012
11/26/2013,134820,1733 W KENTUCKY ST 1,037A00150000,11/26/2013
02/18/2013,135145,2319 W ORMSBY AVE,038K00700000,02/18/2013
04/10/2013,135158,434 E OAK ST,023A00470000,02/03/2006
11/26/2013,135208,3209 GRAND AVE,045F01000000,12/02/2008
03/12/2013,136306,3242 W JEFFERSON ST,008H00870000,03/21/2008
05/21/2013,137846,2636 W KENTUCKY ST,046D00900000,05/07/2013
03/05/2013,140260,319 S 43RD ST,008D00560000,07/23/2010
10/14/2013,142354,1252 EUCLID AVE,063A00590000,11/02/2009
12/10/2013,143238,952 GOSS AVE,026B01100000,10/09/2012
10/29/2013,145325,1216 S 15TH ST,039B01740000,10/29/2013
11/07/2013,145854,410 N 20TH ST,004K00130000,
04/24/2013,146296,2124 STANDARD AVE,041C01660000,10/27/2011
03/12/2013,147833,3239 HERMAN ST,008H00710000,03/12/2013
04/26/2013,148089,1520 DUMESNIL ST,039B00740000,12/04/2013
04/03/2013,150662,2332 MAGAZINE ST,001H00420000,07/21/2009
11/13/2013,151943,922 DIXIE HWY,038C01310000,11/13/2013
01/08/2013,151997,534 N 31ST ST 1,010B01090000,08/28/2009
02/26/2013,152512,409 S 28TH ST,002B00030000,12/10/2013
12/09/2013,153783,1731 W HILL ST,039F00780000,04/11/2013
11/08/2013,153787,1706 BOLLING AVE,039F01110000,02/16/2012
04/09/2013,154207,310 E JACOB ST,030B00330000,08/10/2012
12/05/2013,155190,2119 ROWAN ST,003G00160000,12/12/2008
04/23/2013,157568,652 S 26TH ST,001G01230000,04/23/2013
05/09/2013,185255,2601 VIRGINIA AVE,046K00760077,05/09/2013
03/12/2013,186544,3415 W JEFFERSON ST,008G01110000,03/20/2012
05/01/2013,186682,2917 VIRGINIA AVE,046J00560000,05/01/2013
05/17/2013,186986,662 S 43RD ST,006D00840000,10/03/2012
04/26/2013,188525,4177 RESERVOIR AVE,085B01421179,08/12/2011
06/19/2013,0V01074,2322 W MUHAMMAD ALI BLVD,002J00560000,11/15/2013
01/14/2013,0V03222,2128 W CHESTNUT ST,001D00330000,03/24/2011
10/31/2013,13PM10047,1718 W KENTUCKY ST,037D01830000,10/31/2013
09/26/2013,13PM10049,745 S 43RD ST,043C00500000,09/07/2013
09/11/2013,13PM10467,2425 CEDAR ST,002C00170000,09/11/2013
10/31/2013,13PM10574,1812 W KENTUCKY ST,038C00340000,09/11/2013
10/31/2013,13PM10643,3818 WEWOKA AVE,011E01360000,09/12/2013
09/19/2013,13PM11501,859 S 23RD ST,036G00130000,09/19/2013
09/30/2013,13PM11967,1808 BEECH ST,040A00460000,09/24/2013
12/02/2013,13PM11981,1729 BANK ST,015G01460000,09/24/2013
12/11/2013,13PM12340,3632 GREENWOOD AVE,045D00710000,09/27/2013
11/13/2013,13PM12379,1110 DIXIE HWY,038F01100000,11/13/2013
12/06/2013,13PM13854,2210 GRAND AVE,038E00670000,10/16/2013
10/24/2013,13PM14397,3414 W KENTUCKY ST,045B00450000,11/18/2013
12/16/2013,13PM1451,4411 RONDEAN DR,090G00690000,05/29/2013
10/29/2013,13PM14543,2320 ROWAN ST,003L01230000,01/13/2014
11/06/2013,13PM15134,732 ZANE ST,029G00340000,11/06/2013
11/20/2013,13PM15852,2661 ROWAN ST,003J00480000,11/20/2013
11/25/2013,13PM16010,314 N 22ND ST,003F02120000,11/25/2013
12/06/2013,13PM16359,1454 S 9TH ST,042B00980000,12/05/2013
12/09/2013,13PM1718,3308 HALE AVE,045J00930000,06/03/2013
11/25/2013,13PM2072,1310 S 16TH ST,039D00910000,11/25/2013
07/31/2013,13PM4413,2805 W CHESTNUT ST,001A00910000,07/13/2013
07/16/2013,13PM5020,2325 ACKERMAN CT,003L01220000,07/16/2013
08/12/2013,13PM5893,823 HAZEL ST,043H01920000,07/23/2013
08/13/2013,13PM6041,659 MADELON CT,006H00520031,07/25/2013
08/05/2013,13PM6290,4012 LARKWOOD AVE,007C00170000,07/29/2013
07/29/2013,13PM6329,2929 W MUHAMMAD ALI BLVD,002G00820000,07/29/2013
11/21/2013,13PM6751,1622 HASKIN AVE,067F01150000,07/31/2013
10/08/2013,13PM7080,1324 LILLIAN AVE,063H00030000,08/02/2013
08/09/2013,13PM7692,507 N 17TH ST,015H00040000,08/09/2013
11/11/2013,13PM7733,2301 7TH STREET RD,063A01280000,08/10/2013
08/15/2013,13PM8240,2200 W OAK ST,038H00410000,08/15/2013
11/13/2013,13PM8456,2112 GRIFFITHS AVE,003G01460000,08/18/2013
10/11/2013,13PM9086,3501 CANE RUN RD,327700020000,08/23/2013
11/20/2013,13PM9403,1031 MULBERRY ST,026C00840000,08/27/2013
12/27/2013,13PM9681,1452 S 9TH ST,042B00990000,08/29/2013
10/15/2013,1458088,1793 W GAULBERT AVE,041F00620000,09/01/2011
01/10/2013,160501,1766 W BURNETT AVE,041F01980000,10/03/2012
12/18/2013,192564,1535 S 32ND ST,049L00100000,08/21/2007
08/08/2013,198876,426 S 28TH ST,002G01420000,03/11/2013
12/17/2013,199769,1557 S 7TH ST,034F00320000,08/10/2010
04/29/2013,200179,3138 GARLAND AVE,046C00890000,08/23/2010
02/05/2013,202447,407 N 28TH ST,004G00510000,07/17/2012
11/26/2013,202764,1524 W ST CATHERINE ST,037G01150000,11/26/2013
11/26/2013,203226,1726 PRENTICE ST,037D00950000,11/26/2013
11/13/2013,203382,1625 MCCLOSKEY AVE,039F01780000,07/07/2011
04/24/2013,203473,2216 STANDARD AVE,041C01590000,08/01/2013
03/13/2013,203825,3240 VERMONT AVE,007J01140000,11/15/2011
02/28/2013,203981,1111 ZANE ST,037J01080000,11/29/2012
04/23/2013,204741,923 S JACKSON ST,022A01440000,04/05/2010
05/06/2013,205884,2632 HALE AVE,046K00960000,10/13/2011
03/19/2013,205933,3224 PORTLAND AVE,010B00040000,03/19/2013
01/23/2013,206416,4324 RIVER PARK DR,006A00200000,10/02/2012
11/13/2013,206715,1119 DIXIE HWY,037D00040000,11/13/2013
10/10/2013,207162,335 N 23RD ST,003F01710000,03/27/2012
03/13/2013,207797,617 DRESDEN AVE,052C02280000,03/13/2013
11/11/2013,207856,1836 W KENTUCKY ST,038C00220000,11/11/2013
06/12/2013,208260,4114 BANK ST,011E00320000,10/02/2012
10/18/2013,218846,644 DAVIES AVE,034F00630000,05/31/2011
03/12/2013,219155,219 S 28TH ST 1,002B01370000,03/12/2013
10/14/2013,219692,1316 BALDWIN ST,039C01660000,10/14/2013
10/14/2013,219694,1314 BALDWIN ST,039C01660000,10/14/2013
04/30/2013,220009,235 S SHAWNEE TER,008A00980000,10/13/2011
02/13/2013,222339,3032 PENWAY AVE,040K01830061,10/11/2013
03/21/2013,222519,2022 WILSON AVE,041A00640000,10/15/2012
05/22/2013,223099,1746 BOLLING AVE,039F00950000,04/24/2006
05/08/2013,223128,519 DR W J HODGE ST,002K00350000,07/31/2012
04/09/2013,223202,3137 W KENTUCKY ST,046C00680000,10/20/2006
01/30/2013,224737,815 S 23RD ST,036G01000000,09/13/2012
03/15/2013,227376,2331 DUMESNIL ST,038G00180000,07/16/2008
03/15/2013,227378,2329 DUMESNIL ST,038G00190000,07/26/2011
04/03/2013,227873,3418 W KENTUCKY ST,045B00430000,01/09/2014
03/21/2013,228735,4140 FORDSON WAY,047B00700000,03/15/2010
10/07/2013,228900,1451 S 23RD ST,041C01560000,01/25/2012
01/09/2013,229038,2308 GARLAND AVE,038A01480000,12/10/2013
10/03/2013,229336,521 N 31ST ST,004A00080000,10/03/2013
04/08/2013,230023,725 LOUIS COLEMAN JR DR,043G01740000,04/08/2013
01/09/2013,230586,3229 LARKWOOD AVE 1,008H00210000,02/07/2012
04/09/2013,230811,2145 W LEE ST,041D00720000,04/28/2011
05/08/2013,232838,2118 GREENWOOD AVE,038F01290000,09/21/2005
02/13/2013,237608,2727 DUMESNIL ST,046K00100000,08/24/2012
01/22/2013,237901,916 S 32ND ST,045C00760000,10/04/2012
04/01/2013,237930,2515 ROWAN ST,003E00170000,07/23/2012
11/21/2013,238248,2209 GRAND AVE,038E00850000,03/20/2009
02/18/2013,239142,2330 ST LOUIS AVE,040J00810000,10/07/2009
03/14/2013,239337,1250 DIXIE HWY,038L01880000,10/15/2012
10/23/2013,240528,347 N 24TH ST,003F01120000,10/11/2011
03/22/2013,241297,2625 W MADISON ST,002H00020000,04/24/2012
05/08/2013,241960,2221 OSAGE AVE,038E00490000,07/05/2012
11/13/2013,243669,519 COLORADO AVE,034C00380000,03/08/2013
03/25/2013,244419,2711 W CHESTNUT ST,001A01190000,06/21/2012
02/07/2013,245231,2116 W BURNETT AVE,041C00980000,04/29/2011
01/10/2013,245294,2912 VIRGINIA AVE,046J00350000,10/10/2012
05/01/2013,245517,4314 VERMONT AVE,007A00820000,09/14/2006
11/19/2013,245593,1820 S 23RD ST,040C00640000,01/07/2011
03/13/2013,245870,3132 W JEFFERSON ST,008H01050000,02/27/2012
05/10/2013,245915,826 S 38TH ST,043E00990000,01/08/2014
01/02/2013,245982,2526 W MAIN ST,003K00320000,07/20/2011
10/30/2013,246951,626 DAVIES AVE,034F00710000,09/20/2011
12/02/2013,246993,2561 BANK ST,004C00040000,05/02/2013
11/26/2013,247107,1631 PRENTICE ST,037D02270000,11/26/2013
03/12/2013,248226,2705 CEDAR ST,002B00160000,11/17/2006
01/15/2013,248367,609 S 39TH ST,006C00670000,11/20/2013
12/16/2013,248474,1464 S 9TH ST,042B00770000,03/21/2011
03/11/2013,249710,2657 DIXDALE AVE,040K00930104,10/15/2012
10/09/2013,249909,2419 BANK ST,004D00080000,04/15/2013
04/02/2013,249970,2404 W MADISON ST,001B01320000,04/02/2013
12/26/2013,250436,1783 W GAULBERT AVE,041F00670000,03/23/2012
04/10/2013,251143,1420 DIXIE HWY,041C02110000,02/21/2011
09/18/2013,251267,2700 W JEFFERSON ST,002B00530000,09/14/2010
12/13/2013,251285,1468 S 8TH ST,031J00210000,04/19/2007
05/08/2013,251998,1554 LOUIS COLEMAN JR DR,049B01050000,09/24/2013
03/19/2013,252530,4261 HAZELWOOD AVE,066D00180000,12/10/2010
11/05/2013,252997,515 N 27TH ST,004B00830000,03/22/2012
03/12/2013,253176,624 LOUIS COLEMAN JR DR,006H00710000,02/29/2012
12/02/2013,253256,1813 GREENWOOD AVE,038C00150000,12/02/2013
01/11/2013,254528,405 N 39TH ST,011E01560000,01/11/2013
04/23/2013,255171,1626 MCCLOSKEY AVE,041F00180000,06/29/2012
03/05/2013,255550,317 S 43RD ST,008D00570000,04/10/2012
03/19/2013,255649,2514 GARFIELD AVE,003B01180000,10/23/2012
03/06/2013,255945,2306 W ORMSBY AVE,038K00880000,03/06/2013
04/12/2013,256075,1156 S 26TH ST,046K01100000,04/12/2013
12/19/2013,257115,631 MIX AVE,034F00920000,05/29/2013
03/18/2013,257254,1029 S SHELBY ST,022H00060000,01/14/2013
11/19/2013,257966,2606 W MADISON ST,001B01030000,11/19/2013
05/09/2013,258023,724 S 24TH ST,036A00220000,08/14/2013
01/15/2013,258156,2716 CEDAR ST,002G01680000,10/11/2011
04/01/2013,258471,434 N 28TH ST,004F00600000,10/07/2011
09/19/2013,258887,2609 W JEFFERSON ST,002B00940000,10/05/2011
05/17/2013,259504,3108 VIRGINIA AVE,046H00360000,05/16/2011
02/18/2013,260309,4138 W BROADWAY,043C01580000,11/02/2012
12/11/2013,260572,1534 HEMLOCK ST,049D00800000,02/10/2012
12/18/2013,261196,1776 W HILL ST,041F00960000,10/22/2012
03/13/2013,261708,2817 S 6TH ST,050F00090000,12/14/2010
03/26/2013,262757,1300 W BRECKINRIDGE ST,037C00650000,07/07/2011
03/01/2013,262851,3527 W MUHAMMAD ALI BLVD,007E00460000,04/28/2009
01/30/2013,263557,1033 CECIL AVE,044C00230000,01/30/2013
04/02/2013,263843,2215 W CHESTNUT ST,001C01080000,08/27/2010
03/14/2013,263997,1847 BOLLING AVE,041C01060000,09/04/2013
05/14/2013,266260,113 N 39TH ST,009J00450000,06/21/2011
10/23/2013,266437,2015 W MARKET ST,003M00110000,12/06/2012
05/22/2013,266596,835 HAZEL ST,043H01980000,12/04/2008
11/04/2013,268181,1619 WILSON AVE,039D00720000,11/04/2013
11/19/2013,268462,1608 S 31ST ST,049G00910000,10/21/2011
12/30/2013,270056,1711 ST LOUIS AVE,039C00560000,03/08/2011
03/12/2013,270277,3329 GARLAND AVE,043G02060000,05/12/2008
03/12/2013,271088,3409 VERMONT AVE,007F00110000,03/12/2013
11/14/2013,271303,511 S 20TH ST,002L00240000,11/14/2013
03/14/2013,271704,1837 BOLLING AVE,041C01110000,03/11/2013
01/04/2013,271931,3125 VIRGINIA AVE,046H00470000,11/26/2012
04/10/2013,272348,2200 DUMESNIL ST,038L00830000,01/18/2013
10/17/2013,272354,1516 BEECH ST,049D00050000,02/22/2013
05/22/2013,275379,2901 DUMESNIL ST,046J00170000,02/28/2012
01/11/2013,276980,2707 SLEVIN ST,004G00110000,09/07/2012
05/10/2013,278354,211 CLAREMONT AVE,073B00150000,
01/22/2013,278659,1257 S BROOK ST,032C00070000,01/22/2013
05/06/2013,278844,4107 VERMONT AVE,007B01340000,10/08/2007
11/15/2013,279110,2326 W MUHAMMAD ALI BLVD,002J00550000,11/15/2013
05/09/2013,279542,1105 S 28TH ST,046G00460000,12/03/2012
05/06/2013,280145,2218 W OAK ST,038H00320000,02/28/2012
05/10/2013,280294,1806 LYTLE ST,015G00510000,12/13/2012
11/14/2013,281878,2136 DUNCAN ST,003G00320000,10/21/2013
11/06/2013,281985,1406 CATALPA ST,048J01290000,11/28/2007
02/25/2013,282086,3109 GREENWOOD AVE,046C00080000,03/20/2012
04/05/2013,282120,1008 WALTER AVE,054C00890000,03/15/2010
10/22/2013,282225,337 N 22ND ST,003G01170000,10/05/2012
10/08/2013,282559,111 N KEATS AVE,072B00450000,01/31/2012
04/02/2013,282702,3808 RIVER PARK DR,006C00970000,04/01/2013
03/13/2013,286776,2717 CEDAR ST,002B00110000,09/19/2013
05/20/2013,288822,1833 W LEE ST,041D01170000,07/27/2010
04/30/2013,288882,1704 VALLEY FORGE WAY 1,065H00780041,02/22/2012
10/14/2013,289131,1793 WILSON AVE,039C01020000,10/14/2013
05/17/2013,289362,2717 ELLIOTT AVE,001F00480000,09/12/2008
04/05/2013,289561,2512 GARFIELD AVE,003B01150000,05/24/2012
04/09/2013,290553,1159 S 26TH ST,038G00560000,11/28/2012
01/15/2013,290635,1718 W GAULBERT AVE,039F00170000,05/08/2012
05/13/2013,291090,649 S 28TH ST,001F00440000,10/31/2013
03/19/2013,292181,216 N 26TH ST,003J00340000,06/15/2012
12/02/2013,292525,1815 GREENWOOD AVE,038C00140000,01/02/2014
01/24/2013,293125,1231 S 22ND ST,038L01440000,08/27/2009
05/06/2013,293470,4105 W MAIN ST,009H01100000,08/20/2009
11/12/2013,295320,1755 W LEE ST,039F00020000,08/30/2010
04/17/2013,295459,421 WINKLER AVE 1,050D00560000,04/17/2013
11/19/2013,295750,2523 ST CECILIA ST,003B00150000,08/27/2012
11/19/2013,296147,2525 ST CECILIA ST,003B00150000,07/25/2012
10/16/2013,296614,1727 HALE AVE,037F01120000,10/16/2013
01/11/2013,296992,3128 GARLAND AVE,046C00940000,12/04/2013
03/04/2013,297134,1341 S 26TH ST,038K00090000,04/21/2008
11/01/2013,297672,1832 OSAGE AVE,038F00380000,11/01/2013
10/10/2013,297776,1450 S 9TH ST,042B01000000,03/14/2013
01/08/2013,297859,3419 W KENTUCKY ST,045B00720000,08/29/2008
01/29/2013,297874,641 MIX AVE,034F01100000,05/28/2010
11/15/2013,298070,117 N 45TH ST,009F01350000,05/01/2008
05/16/2013,298293,2105 HALE AVE,038F00120000,12/20/2013
02/20/2013,298330,1453 S 23RD ST,041C01560000,01/25/2012
04/04/2013,298421,813 S 36TH ST,043G00800000,04/04/2013
05/22/2013,298509,2126 STANDARD AVE,041C02240000,11/20/2008
01/02/2013,298524,843 S 33RD ST,043H00480000,11/15/2011
02/20/2013,298736,2900 WYANDOTTE AVE,040B01260007,10/16/2012
02/05/2013,299053,2318 W BURNETT AVE,040H00630000,02/05/2013
10/17/2013,299346,3118 SOUTHERN AVE,049C00930000,08/17/2012
01/15/2013,300295,1609 CYPRESS ST,040E00150000,01/15/2013
05/30/2013,301246,3807 BANK ST,011B00940000,11/12/2013
01/11/2013,301299,3126 GARLAND AVE,046C00950000,01/25/2012
11/01/2013,301812,1768 W BURNETT AVE,041F01970000,10/17/2012
05/21/2013,301843,3313 BANK ST,010A00410000,05/17/2012
04/04/2013,302024,652 S 35TH ST,006G01520000,03/01/2012
03/12/2013,302115,3119 RIVER PARK DR,007K00700000,08/07/2012
10/01/2013,302613,319 CECIL AVE,008D01360000,10/01/2013
12/17/2013,303016,1231 ALGONQUIN PKY,034E00600000,01/02/2014
10/03/2013,303080,2809 S 5TH ST,050F00520000,03/29/2013
10/22/2013,303194,1770 W GAULBERT AVE,041F00390000,02/12/2013
11/08/2013,305086,512 N 27TH ST,004B00520000,11/08/2013
04/08/2013,305224,2918 ALLEN AVE,050J01020000,03/15/2011
05/06/2013,305459,2608 S 4TH ST,050D00810000,10/15/2012
04/17/2013,305461,2614 S 4TH ST,050D00790000,12/06/2010
12/06/2013,305535,1926 ROWAN ST,003M02540000,09/17/2013
03/12/2013,306501,2413 W MUHAMMAD ALI BLVD 1,002H01270000,07/23/2008
04/04/2013,306876,423 N 42ND ST,011E00100000,12/24/2008
03/12/2013,307372,711 S 32ND ST,043H00970000,03/18/2013
10/22/2013,307704,1708 WILSON AVE,039D00120000,02/16/2011
11/14/2013,308884,1762 W OAK ST,039A01160000,11/14/2013
11/14/2013,309035,1716 HALE AVE,037F00360000,11/14/2013
02/18/2013,309184,1767 W HILL ST,041F01310000,08/03/2009
02/21/2013,309363,1635 DIXDALE AVE,041K00900007,01/16/2013
11/11/2013,309513,1813 BANK ST,015G00200000,01/02/2014
03/21/2013,309905,625 MIX AVE,034F00950000,03/22/2012
11/14/2013,310585,1840 W KENTUCKY ST,038C00200000,11/14/2013
04/16/2013,312045,1757 W HILL ST,041F01360000,02/24/2012
04/08/2013,312162,4336 S 3RD ST,055J00180000,01/11/2010
12/18/2013,312238,1785 BOLLING AVE,041F01720000,12/01/2011
01/14/2013,312293,1955 S 16TH ST,042F00040000,05/15/2012
05/01/2013,312467,2719 GARLAND AVE,046B00560000,05/01/2013
10/01/2013,312776,3425 BANK ST,010A00040000,03/08/2011
10/23/2013,313322,815 CECIL AVE,043D00040000,10/23/2013
05/07/2013,313941,1320 S 26TH ST,048E01570000,02/14/2011
02/26/2013,314664,206 FREEMAN AVE,062A00520000,02/20/2013
11/08/2013,314673,1210 TENNESSEE AVE,063B00310000,08/07/2012
08/12/2013,314989,1816 W LEE ST,041D00640000,11/24/2009
02/11/2013,315421,1036 S 6TH ST,029G00780000,07/17/2012
03/20/2013,315882,2717 GARLAND AVE,046B00570000,05/05/2009
10/16/2013,317598,630 N 27TH ST,005E00830000,03/27/2012
03/21/2013,318959,930 E MUHAMMAD ALI BLVD,016E01890000,01/31/2013
03/15/2013,319961,1325 S 28TH ST,048E00450000,11/01/2011
03/29/2013,319968,2120 BOLLING AVE,041C00260000,11/06/2012
01/03/2013,321056,2300 BOLLING AVE,040G01150000,12/09/2011
01/08/2013,321547,3226 W MUHAMMAD ALI BLVD,007F00620000,03/12/2012
10/16/2013,323002,5101 FAY AVE,061J00010000,10/15/2012
10/14/2013,324330,212 N 17TH ST,015F00820000,08/17/2012
02/27/2013,326028,316 LOUIS COLEMAN JR DR,008G01350000,12/06/2012
03/12/2013,326149,509 MARRET AVE,023D00770000,02/22/2012
10/15/2013,326580,305 N 19TH ST,015F01470000,03/06/2012
04/08/2013,326608,1706 ST LOUIS AVE,039C00290000,03/19/2010
03/14/2013,326697,1781 W HILL ST,041F01250000,03/05/2009
01/02/2013,328858,1953 S 16TH ST,042F00270000,01/02/2013
11/18/2013,328962,3614 RUDD AVE,012E00530000,11/04/2009
12/05/2013,332869,1637 DIXDALE AVE,041K00830006,03/01/2011
12/23/2013,332937,2906 WOODLAND AVE,048J01300000,07/11/2011
03/07/2013,333092,1784 W GAULBERT AVE,041F00320000,02/25/2013
05/09/2013,335085,1430 SALE AVE,064D00510000,06/16/2010
12/09/2013,335100,1635 PRENTICE ST,037D02150000,12/09/2013
04/26/2013,335172,4210 BROWNS LN,091P01420000,07/05/2012
01/09/2013,336322,208 S 28TH ST,002A00960000,01/09/2013
11/05/2013,336484,1513 W OAK ST,037G00200000,11/05/2013
11/19/2013,337396,1838 W HILL ST,041D02020000,04/09/2009
01/14/2013,337728,222 S 25TH ST,002C00890000,12/06/2013
11/06/2013,339223,1615 BERNHEIM LN,041K00610000,10/08/2012
01/31/2013,339473,1768 DUMESNIL ST,039A00360000,12/04/2013
02/18/2013,339547,2306 ST LOUIS AVE,040J00930000,01/04/2010
05/07/2013,341354,304 N 41ST ST,009C00200000,06/23/2011
04/30/2013,341377,3422 W MUHAMMAD ALI BLVD,007F00190000,05/12/2009
05/21/2013,341489,105 S 43RD ST,009G00780000,08/23/2012
05/02/2013,341559,2213 ST LOUIS AVE,041A00050000,06/22/2011
01/09/2013,341579,813 HAZEL ST,043H01870000,10/27/2009
02/19/2013,342553,634 S 18TH ST,001J01020000,05/15/2012
01/09/2013,342577,4549 SOUTHWESTERN PKY,008C00200000,10/02/2012
01/08/2013,342791,3209 W BROADWAY,006H01470000,03/20/2012
04/16/2013,342874,659 S 43RD ST,006E00180000,05/13/2011
01/24/2013,343240,747 S 33RD ST,043H00260000,08/07/2012
10/15/2013,343379,1786 WILSON AVE,039C00700000,08/09/2012
12/12/2013,343383,1790 WILSON AVE,039C00680000,05/22/2013
10/29/2013,343863,1466 S 9TH ST,042B00760000,10/12/2011
04/09/2013,343875,1901 W MADISON ST,002L02490000,02/16/2012
04/24/2013,343954,2316 MAGAZINE ST,001H00490000,04/25/2011
01/07/2013,344072,3513 GREENWOOD AVE,045B00140000,08/16/2012
05/20/2013,344479,3802 MIAMI AVE,011B01040000,03/29/2010
10/15/2013,345068,1310 BALDWIN ST,039C01620000,10/15/2013
10/08/2013,345081,3006 FLEMING AVE,088E02150005,05/02/2013
04/09/2013,345285,2012 HIGHLAND AVE,075C00700000,08/20/2010
05/10/2013,345364,3911 MIAMI AVE,011B00570000,08/01/2012
01/11/2013,345651,3119 ELLIOTT AVE,006J00930000,06/16/2009
02/22/2013,346558,3229 RIVER PARK DR,007J00990000,03/07/2012
04/22/2013,347260,2625 DIXDALE AVE,040K00820088,10/25/2012
03/12/2013,347755,419 MARRET AVE,023D00060000,11/09/2012
01/22/2013,347885,2633 ST XAVIER ST,004G01370000,03/18/2010
05/20/2013,348426,2536 W BURNETT AVE,040H00300000,05/20/2013
05/21/2013,348657,105 S LONGWORTH AVE,009E00850000,11/29/2012
05/01/2013,348764,103 N LONGWORTH AVE,009E00660000,10/18/2012
12/13/2013,348979,1601 MAPLE ST,036D00140000,10/30/2013
10/31/2013,349221,1827 W KENTUCKY ST,038C00530000,10/31/2013
10/31/2013,349226,1821 W KENTUCKY ST,038C00560000,10/31/2013
05/06/2013,349638,2829 GARFIELD AVE,003A01250000,02/22/2013
03/15/2013,349734,4022 W MUHAMMAD ALI BLVD,007C00440000,02/28/2012
04/25/2013,350717,2425 MAPLE ST,036A00060000,07/22/2009
04/16/2013,350926,1327 TEMPLE ST,041A00350000,03/07/2011
03/14/2013,350990,1786 W HILL ST,041F00910000,10/05/2011
03/12/2013,351027,1335 S FLOYD ST,032G00700000,03/12/2013
11/26/2013,351687,3028 SOUTHERN AVE,049C01310000,01/10/2013
11/20/2013,353032,664 CURRY CT,006F00280000,12/06/2013
11/06/2013,353415,2201 S 9TH ST,034D00070036,08/10/2009
10/16/2013,353678,1539 S 31ST ST,049C01000000,07/25/2011
04/03/2013,353948,3608 RIVER PARK DR,007H00450000,01/30/2012
04/09/2013,354334,2014 HIGHLAND AVE,075C00700000,03/16/2012
10/22/2013,354914,1791 W GAULBERT AVE,041F00630000,12/03/2012
12/09/2013,355445,311 INVERNESS AVE,060K00100000,09/15/2009
05/10/2013,355607,425 N 28TH ST,004G00600000,12/05/2013
04/02/2013,355672,3722 RIVER PARK DR,006C01450000,04/01/2013
01/02/2013,355681,2534 W JEFFERSON ST,002C00340000,02/24/2012
05/20/2013,355709,1756 W GAULBERT AVE,041F00460000,06/17/2013
03/28/2013,355951,3714 CENTER ST,052L00540000,09/12/2011
01/24/2013,356087,861 S 32ND ST,043H01290000,12/04/2013
02/19/2013,356318,1925 W BROADWAY,001J00800000,04/28/2011
01/02/2013,356419,1811 BERRY BLVD,064J00500000,07/25/2011
12/10/2013,356958,1210 S 15TH ST,039B01760000,10/29/2013
04/03/2013,357326,3726 WHEELER AVE,065D01380000,10/09/2013
04/15/2013,358088,3634 VERMONT AVE,007H01350000,03/15/2010
05/13/2013,358607,1533 CATALPA ST,040F00340000,02/28/2012
04/10/2013,358632,3906 WEWOKA AVE,011E01240000,04/10/2013
04/11/2013,360864,343 S 42ND ST,008D00930000,10/23/2013
01/02/2013,361308,3427 VERMONT AVE,007F00020000,05/16/2012
01/09/2013,361643,2822 W KENTUCKY ST,046D00240000,11/08/2012
05/09/2013,361838,1500 SALE AVE,064D00500000,10/30/2009
12/27/2013,362016,1536 S 9TH ST,042C00750000,10/25/2012
03/15/2013,362909,3116 W JEFFERSON ST,008H01130000,11/17/2009
03/29/2013,364202,918 S 13TH ST,037C00640000,12/03/2009
02/25/2013,364675,2707 W KENTUCKY ST,046D01600000,12/12/2013
11/01/2013,364702,1734 W BURNETT AVE,039F01480000,02/21/2012
11/26/2013,366320,1723 W KENTUCKY ST 1,037A00200000,11/26/2013
03/22/2013,366745,2506 ROWAN ST,003K01070000,03/22/2013
12/17/2013,366926,1731 ST LOUIS AVE,039C00500000,04/08/2013
01/10/2013,367912,1620 HASKIN AVE,067F01140000,01/25/2012
03/20/2013,369406,2427 ST XAVIER ST,004H01610000,04/19/2012
06/03/2013,369913,244 GLENDORA AVE,008A01170000,07/19/2010
04/05/2013,371827,1713 PRENTICE ST,037D01880000,12/09/2013
12/03/2013,372190,1736 W HILL ST,039F00540000,03/12/2012
04/08/2013,372454,744 S 32ND ST,043H00630000,08/07/2012
04/08/2013,373754,3920 S 2ND ST,055E00530000,09/05/2013
04/29/2013,373795,2310 STANDARD AVE,040H01200000,04/10/2013
03/25/2013,375022,2203 ST LOUIS AVE,041A00100000,04/12/2011
12/26/2013,375144,1776 WILSON AVE,039C00750000,04/12/2011
03/12/2013,375145,303 S 38TH ST,008G00480000,06/14/2010
04/11/2013,375347,102 S 38TH ST,009J01180000,04/30/2010
05/07/2013,375499,888 CLARKS LN,024L01590000,10/18/2012
03/19/2013,375579,1213 W WOODLAWN AVE,053G00160000,03/19/2013
01/22/2013,375642,823 S 32ND ST,043H01160000,03/16/2012
04/04/2013,375998,323 S 42ND ST,008D01000000,05/13/2010
03/18/2013,376579,1232 OLEANDA AVE,051D00510000,01/03/2014
04/02/2013,376959,624 S 41ST ST,006B00640000,12/13/2011
04/03/2013,377130,4140 LARKWOOD AVE,007B00150000,04/03/2013
01/10/2013,377223,2122 OSAGE AVE,038F00160000,08/20/2012
02/20/2013,377237,2300 DUMESNIL ST,038K00630000,08/22/2012
06/19/2013,377462,407 S 27TH ST,002H00980000,05/18/2010
10/16/2013,377645,2625 PORTLAND AVE 1,005F00060000,01/13/2012
04/04/2013,378565,3663 KELLY WAY,082F00610000,12/07/2011
05/14/2013,378777,114 N 39TH ST,009J00240000,07/30/2013
10/23/2013,378791,2122 CLEVELAND AVE,004J00450000,10/11/2011
01/08/2013,378933,3018 GRAND AVE,046E00420000,06/10/2010
09/30/2013,379029,664 S 37TH ST,006F01490000,09/26/2011
04/25/2013,379061,4330 S BROOK ST,055K00230000,04/02/2012
04/25/2013,379063,4328 S BROOK ST,055K00240000,04/02/2012
03/15/2013,379114,3830 W MUHAMMAD ALI BLVD,007D01280000,07/09/2012
03/07/2013,379227,220 N 18TH ST,015F00500000,11/29/2012
01/03/2013,379864,1229 ROADWAY AVE,063E00210000,06/14/2010
05/13/2013,379951,1323 CYPRESS ST,048E01330000,
02/20/2013,380175,4145 WHEELER AVE,066E01130000,05/02/2011
05/16/2013,380284,904 S 22ND ST,038B01310000,03/12/2012
04/23/2013,380315,805 S CLAY ST,021G01020000,02/21/2012
11/25/2013,380390,1232 S 16TH ST,039B01850000,11/25/2013
04/24/2013,380483,616 S 20TH ST,001D00290000,11/29/2012
04/03/2013,380591,3537 RIVER PARK DR,007H00900000,06/16/2010
01/10/2013,380702,3150 VERMONT AVE,007K00790000,06/25/2010
04/05/2013,380787,5332 BUCKNER AVE,060J00290018,07/31/2012
04/08/2013,382060,1214 S JACKSON ST,023A00380000,09/17/2012
04/09/2013,382130,2723 MAGAZINE ST,001A00250000,11/20/2013
03/29/2013,382131,2719 MAGAZINE ST,001A00270000,11/19/2013
10/24/2013,382139,1921 W MAIN ST,003M01450000,04/20/2011
04/01/2013,382761,4569 S 3RD ST,057L00040000,02/10/2011
04/10/2013,382892,204 N 26TH ST,003J00760000,12/05/2013
10/15/2013,383213,1724 WILSON AVE,039D00040000,03/06/2013
03/05/2013,383380,3624 RIVER PARK DR,007H00180000,07/12/2010
09/30/2013,383764,412 S 38TH ST,008F01070000,07/16/2010
05/01/2013,383901,1633 W JEFFERSON ST,014A00310000,11/19/2013
10/24/2013,384583,130 W GARRETT ST,055F00430000,04/02/2013
10/31/2013,385120,1847 W KENTUCKY ST,038C00430000,10/31/2013
11/08/2013,385469,1762 BOLLING AVE,041F01560000,10/24/2012
05/14/2013,385542,828 SUTCLIFFE AVE,043F01250000,01/08/2014
02/20/2013,385608,750 S 22ND ST,036B00230000,10/28/2013
02/27/2013,385687,2806 W CHESTNUT ST,001A00560000,09/25/2012
01/30/2013,385882,814 HUMLER ST,036F02070000,01/30/2013
12/02/2013,386672,1843 GRAND AVE,038F01410000,12/02/2013
12/04/2013,387115,1523 DUMESNIL ST,039B01430000,12/04/2013
11/26/2013,387250,2414 GARLAND AVE,038A01380000,03/07/2013
03/11/2013,387628,2330 W LEE ST,040E00420000,03/11/2013
01/14/2013,387749,3423 DEL PARK TER,007J00030000,01/14/2013
04/04/2013,388025,505 S 32ND ST,007G00180000,08/07/2012
04/02/2013,389264,2116 W MADISON ST,001D00750000,04/19/2011
03/22/2013,390969,4224 CLARK ST,085D01600007,03/22/2013
12/17/2013,391004,1704 W GAULBERT AVE,039F00240000,09/02/2011
12/03/2013,391106,1733 WILSON AVE,039C01550000,12/03/2013
04/22/2013,391124,2502 W JEFFERSON ST,002C00480000,11/02/2011
03/12/2013,392045,2823 W MADISON ST,002G00210000,11/20/2012
10/30/2013,392193,629 DAVIES AVE,034F00540000,03/21/2013
04/23/2013,392458,1604 STORY AVE,020G00210000,12/06/2012
12/03/2013,392857,1745 WILSON AVE,039C01520000,12/03/2013
12/03/2013,392883,1743 WILSON AVE,039C01520000,12/03/2013
05/07/2013,393777,234 S 25TH ST,002C01480000,12/14/2012
11/11/2013,394381,1420 S 7TH ST,031J01240000,04/25/2011
03/15/2013,394925,1446 S 11TH ST,042B00340000,04/18/2011
10/22/2013,395120,646 N 24TH ST,005F02080000,01/18/2013
12/02/2013,395659,1704 GALLAGHER ST,037F01390000,12/02/2013
12/23/2013,396106,808 OAKLAND AVE,031J00900000,08/30/2012
11/11/2013,396327,1466 S 7TH ST,031J00290000,12/08/2010
11/01/2013,397219,325 N 20TH ST,003G02210000,08/22/2013
10/15/2013,397408,1312 BALDWIN ST,039C01620000,10/15/2013
02/26/2013,397963,1023 SALE AVE,052A01800000,02/11/2011
01/02/2013,398116,151 N JANE ST,072A00880000,10/02/2013
01/16/2013,399411,2639 HALE AVE,046G00220000,08/21/2012
12/03/2013,399698,1734 W HILL ST,039F00550000,05/17/2012
04/10/2013,399718,529 E OAK ST,023A01000000,03/10/2011
11/15/2013,399809,132 HARLAN AVE,055D00720000,04/01/2013
02/15/2013,400507,3236 W MUHAMMAD ALI BLVD,007F00580000,02/15/2013
11/25/2013,400861,1781 W GAULBERT AVE,041F00680000,03/31/2011
10/23/2013,401431,2016 PIRTLE ST,003M02280000,03/08/2011
11/14/2013,401514,544 S 20TH ST,001D01060000,11/14/2013
11/27/2013,402716,1236 S 17TH ST,039A00790000,11/27/2013
04/30/2013,403094,3909 BANK ST,011B00370000,03/30/2011
02/05/2013,403938,3036 GREENWOOD AVE,046E00800000,10/04/2011
09/20/2013,404038,3013 GREENWOOD AVE,046C00190000,12/02/2012
12/17/2013,404809,1509 HASKIN AVE,067E00560000,04/19/2011
03/29/2013,405582,830 S 12TH ST,036K00580000,04/26/2011
04/24/2013,406007,105 S 45TH ST,009F00830000,05/02/2011
01/04/2013,406027,2723 CEDAR ST,002B00080000,03/05/2012
02/05/2013,406126,1617 S SHELBY ST,024G00010000,02/05/2013
04/02/2013,406294,2300 W CHESTNUT ST,001C00650000,05/04/2011
04/15/2013,406390,634 E ST CATHERINE ST,023B00110000,03/05/2012
03/19/2013,406880,2833 NORTHWESTERN PKY,005A00020000,03/13/2012
09/30/2013,407038,667 S 37TH ST,006G00600000,04/02/2013
03/07/2013,407348,1210 ELLISON AVE,028H00260000,05/12/2011
11/13/2013,407469,1831 GREEN ALY,002F00700000,05/13/2011
05/16/2013,407477,4055 LA SALLE AVE,066G00390000,04/30/2012
05/07/2013,407568,612 CAMP ST,023E00740000,05/18/2011
12/04/2013,407750,1621 DUMESNIL ST,039B00980000,12/04/2013
04/02/2013,407756,944 S SHELBY ST,022B00910000,04/02/2013
04/29/2013,407974,3713 GREENWOOD AVE,045A00060000,06/13/2011
04/22/2013,408165,622 E BRECKINRIDGE ST,022B01420000,05/18/2011
05/16/2013,408311,4133 LARKWOOD AVE,008D00910000,09/28/2012
04/29/2013,408495,1427 TEXAS AVE,026H00460000,12/11/2012
04/29/2013,408515,728 S 41ST ST,043D00420000,07/11/2012
01/10/2013,408538,321 N 42ND ST,009C00150000,10/08/2012
12/03/2013,408623,1772 W HILL ST,041F00980000,12/03/2013
05/07/2013,408629,1358 S 26TH ST,048E01410000,05/07/2013
04/02/2013,408668,2346 W MADISON ST,001C01160000,05/23/2011
11/08/2013,409118,1114 TENNESSEE AVE,063E01250000,09/20/2011
04/09/2013,409239,3513 HUGHES RD,082N00470000,07/18/2012
05/07/2013,409449,680 CECIL AVE,006E00850000,05/27/2011
01/03/2013,409844,2808 SLEVIN ST,003D00960000,06/08/2011
03/20/2013,409999,4108 RIVER PARK DR,006B00780000,01/10/2014
05/22/2013,410021,1029 BLUEGRASS AVE,054A00660000,03/19/2013
05/07/2013,410103,3821 PARKER AVE,011E01280000,11/07/2011
12/04/2013,410240,1304 WELLER AVE,063B00740000,02/06/2013
04/09/2013,410418,1282 EVERETT AVE,075E01210000,06/06/2011
12/09/2013,410489,710 INVERNESS AVE,061G00370000,02/07/2013
01/14/2013,411157,3460 ILLINOIS AVE,086B00390006,08/22/2013
01/07/2013,411293,619 LOUIS COLEMAN JR DR,007J00310000,09/20/2012
01/14/2013,411328,1104 S SHELBY ST,023B00670000,01/05/2012
05/09/2013,411577,1604 BICKNELL AVE,066E00060000,06/13/2011
02/19/2013,412113,600 M ST,050E01280000,12/10/2013
11/26/2013,412242,518 N 17TH ST,015G01790000,06/19/2012
08/06/2013,413028,3748 KAHLERT AVE,065C00110000,08/05/2011
10/31/2013,413043,1743 W KENTUCKY ST,037A00080000,10/31/2013
01/03/2013,413330,1502 CLARA AVE,064D01700000,08/19/2013
03/22/2013,413463,1618 WILSON AVE,039D00560000,04/10/2013
01/04/2013,413472,662 EASTLAWN AVE,006J00330000,11/16/2012
05/22/2013,413560,534 CALDWELL ST,022A00930000,06/30/2011
02/19/2013,413638,410 S 28TH ST,002A00450000,07/13/2011
10/25/2013,414001,1810 DUNCAN ST,015F00490000,04/03/2013
01/04/2013,414110,652 LOUIS COLEMAN JR DR,006H00880000,01/04/2013
04/03/2013,414410,4409 CLOVERLEAF DR,090B00620000,
05/08/2013,414460,5600 HALSTEAD AVE,087K02300230,08/12/2013
10/25/2013,414646,1739 ROWAN ST 1,015F00560000,11/19/2013
05/22/2013,414666,1727 BOLLING AVE,039F01270000,03/09/2012
12/30/2013,414745,1739 W HILL ST,039F00740000,07/15/2011
05/02/2013,414907,1852 DUMESNIL ST,038L01460000,07/26/2011
03/19/2013,414946,1473 BLUEGRASS AVE,066E01910000,07/20/2011
05/15/2013,415378,1604 ARLING AVE,067E00500000,11/12/2012
03/05/2013,415456,4021 W BROADWAY,006E01550000,04/09/2012
02/06/2013,415568,829 W EVELYN AVE,052B01250000,02/06/2013
02/15/2013,415609,1222 SEELBACH AVE,053A00480000,10/04/2013
03/07/2013,415702,3723 W BROADWAY,006F01150000,07/22/2011
02/20/2013,415905,2015 WOODLAND AVE,041B00790000,08/28/2013
04/24/2013,415977,802 CECIL AVE,043C01400000,12/12/2013
03/15/2013,416593,4117 W MUHAMMAD ALI BLVD,007B00450000,05/24/2012
11/07/2013,416599,1614 WILSON AVE,039D00580000,07/29/2011
11/12/2013,416602,2333 ACKERMAN CT,003L01160000,02/01/2012
03/14/2013,416662,310 MAC BRAE RD,059E00520071,
02/07/2013,416984,1706 WILSON AVE,039D00130000,08/01/2011
04/02/2013,417118,2711 W MADISON ST,002G00590000,08/18/2011
03/28/2013,417482,2804 S 5TH ST,050F00360000,11/12/2012
05/14/2013,417680,3313 GRAND AVE,045F00840000,05/14/2013
03/19/2013,417774,1200 BICKNELL AVE,053G00480000,08/24/2011
10/17/2013,417938,1430 S 13TH ST,042A00090000,12/14/2011
03/20/2013,418229,1149 S 7TH ST,029J01480000,08/16/2011
01/15/2013,418534,114 STOLL AVE,069J00620000,08/17/2011
04/30/2013,418553,2720 SLEVIN ST,003D01030000,08/25/2011
01/03/2013,419003,714 OAKLAND AVE,031J02030000,12/07/2011
01/11/2013,419057,410 S 26TH ST,002B00290000,08/23/2011
06/19/2013,419313,1942 W CHESTNUT ST,001E00540000,11/05/2012
10/04/2013,419998,905 S 47TH ST,044A01430000,09/06/2011
05/22/2013,420303,832 HAZEL ST,043H01600000,05/22/2013
03/22/2013,420326,2525 W CHESTNUT ST,001B00650000,02/21/2012
11/21/2013,420500,3013 PENWAY AVE,040K01470025,05/15/2013
12/12/2013,420802,1833 GRAND AVE,038F01450000,10/22/2013
05/21/2013,420916,2116 HOWARD ST,036G00590000,02/05/2013
09/26/2013,420927,3626 WOODRUFF AVE,065B01370000,12/07/2011
10/24/2013,421378,1819 W MARKET ST,003M00890000,04/10/2012
04/08/2013,421419,1702 COLSTERWORTH LN,065R00120000,12/19/2013
04/29/2013,421523,3214 GARLAND AVE,045C00990000,09/25/2012
04/11/2013,422100,2404 EMIL AVE,083A00370000,03/19/2013
01/18/2013,422105,406 N 20TH ST,004K00110000,10/14/2013
12/09/2013,422399,1661 PRENTICE ST,037D02020000,12/09/2013
11/20/2013,422589,4402 EXLEY CT,044G00710000,06/29/2012
03/25/2013,422745,2112 STANDARD AVE,041C01710000,12/07/2012
04/03/2013,425342,2429 W BROADWAY,001G00520000,11/04/2011
02/20/2013,426207,2128 NEW MAIN ST,070F00240000,12/31/2013
02/20/2013,426389,2120 NEW MAIN ST,070F00220000,09/20/2013
03/29/2013,426942,2924 BRINKEY WAY 1,091E03270000,10/09/2012
11/26/2013,427692,1225 S 32ND ST,046H00010000,12/02/2011
03/18/2013,427750,2522 GILLIGAN ST,004H02360000,12/21/2011
05/08/2013,428599,2910 W MUHAMMAD ALI BLVD,002G00110000,05/08/2013
11/19/2013,429651,217 S 19TH ST,002F01210000,04/09/2013
05/01/2013,430576,2913 VIRGINIA AVE,046J00570000,04/16/2013
10/24/2013,430922,200 THOMPSON AVE,088A01550000,09/26/2012
06/07/2013,431097,906 S SHELBY ST,022B02180000,02/03/2012
03/21/2013,431128,1209 S 23RD ST,038L00500000,11/26/2012
04/04/2013,431890,1725 W HILL ST,039F00800000,08/22/2012
09/11/2013,431935,4951 S 3RD ST,060B00330000,02/21/2013
11/18/2013,432183,2106 BOLLING AVE,041C00310000,03/29/2013
03/07/2013,432270,2727 GRAND AVE,046G00800000,01/16/2013
02/15/2013,432368,125 N 35TH ST,010F00640000,03/14/2012
04/11/2013,432552,416 KILMORY AVE,059E01520030,12/10/2012
03/21/2013,432670,1840 W ORMSBY AVE,038L01240000,02/29/2012
04/09/2013,432978,462 N 25TH ST,004H01530000,02/28/2012
12/11/2013,433127,1838 GRAND AVE,038F00950000,01/25/2013
03/01/2013,433437,1733 W GAULBERT AVE,039F00300000,03/06/2012
01/29/2013,433472,3911 JEWELL AVE,011H00760000,12/30/2013
03/13/2013,433842,2818 W MAIN ST,003H00710000,10/22/2012
04/16/2013,434007,964 S SHELBY ST,022B00810000,03/18/2013
04/17/2013,434215,212 POPE ST,069A00950000,03/19/2012
03/14/2013,434409,2310 W GAULBERT AVE,040E00790000,06/06/2012
03/20/2013,434411,2319 MAGAZINE ST,001C00170000,03/20/2012
04/05/2013,434412,2537 OWEN ST,003E01150000,03/28/2012
05/14/2013,434449,256 S HITE AVE,071C01070000,03/22/2012
09/26/2013,434526,3310 GARLAND AVE,045C00860000,03/21/2012
06/04/2013,434719,241 S 39TH ST,008F00150000,03/22/2012
11/07/2013,434754,1712 ST LOUIS AVE,039C00260000,12/04/2013
03/11/2013,434759,2112 WILSON AVE,041A00420000,09/04/2013
12/30/2013,434794,1718 ST LOUIS AVE,039C00230000,03/13/2013
12/19/2013,434830,657 MIX AVE,034F00830000,03/26/2012
03/05/2013,434853,132 N 40TH ST,009H01590000,03/26/2012
01/24/2013,434895,3503 RIVER PARK DR,007H01170000,01/24/2013
10/14/2013,434896,605 S 35TH ST,007J00180000,03/26/2012
11/04/2013,435060,638 JORDAN AVE,034F00210000,10/10/2012
01/04/2013,435064,3125 W KENTUCKY ST,046C00750000,03/28/2012
11/15/2013,435066,228 DELMONT AVE,088A00730000,11/15/2013
04/18/2013,435236,1918 S 28TH ST,040K00940105,04/02/2012
05/22/2013,435461,2928 VIRGINIA AVE,046J00300000,
01/04/2013,435665,4726 S 6TH ST,054F00270000,
04/18/2013,435682,2333 W GAULBERT AVE,040G00230000,09/25/2013
10/15/2013,435709,4541 OLD HAZELWOOD AVE,067F00730000,04/05/2012
03/13/2013,435741,3405 W KENTUCKY ST,045B00770000,03/13/2013
04/02/2013,435935,2410 W MADISON ST,001B01260000,05/09/2012
05/06/2013,435996,313 N 42ND ST,009C00130000,04/03/2013
10/02/2013,436132,2016 DUNCAN ST,003G02600000,10/02/2013
12/02/2013,436148,1138 ALGONQUIN PKY,063C01340000,07/16/2012
02/21/2013,436436,715 DRESDEN AVE,052C01340000,04/29/2013
04/02/2013,436491,546 S 20TH ST,001D01060000,
04/02/2013,436503,2712 W MUHAMMAD ALI BLVD,002G00730000,11/27/2012
02/26/2013,436596,6909 MANSLICK RD,067K01290000,
05/14/2013,436605,3806 WEWOKA AVE,011E00800000,04/01/2013
04/25/2013,436881,4218 BUXTON DR,091C00810000,03/19/2013
12/16/2013,436949,1257 EUCLID AVE,063A00150000,04/16/2012
03/11/2013,436959,1736 FRANKFORT AVE,069K00900000,07/03/2012
03/20/2013,437127,3251 VIRGINIA AVE,045J00520000,05/15/2013
04/02/2013,437175,3804 RIVER PARK DR,006C00980000,04/02/2013
10/17/2013,437203,5013 NEW CUT RD,061D00850002,01/10/2013
11/18/2013,437215,1737 S 25TH ST,040C01100000,04/09/2013
03/21/2013,437225,209 NORTHWESTERN PKY,009B00100000,04/17/2012
11/14/2013,437255,306 SHORT ST,003G01250000,04/18/2012
03/19/2013,437328,1617 BLUEGRASS AVE,066F00050000,10/23/2012
03/21/2013,437490,917 E MADISON ST,016E01560000,03/21/2013
01/14/2013,437562,801 HAZEL ST,043H01810000,11/20/2012
12/18/2013,437598,726 IOWA AVE,050H01050000,04/20/2012
03/21/2013,437745,2017 STANDARD AVE,041B00180000,09/27/2012
02/26/2013,437792,540 LOUIS COLEMAN JR DR,007J01310000,10/18/2013
02/07/2013,437806,2306 W MUHAMMAD ALI BLVD,002J00630000,05/01/2012
02/25/2013,437807,2733 W CHESTNUT ST,001A01100000,05/09/2012
11/19/2013,437834,1711 CYPRESS ST,040C00550000,04/09/2013
01/30/2013,437849,2206 GREENWOOD AVE,038E01060000,01/30/2013
04/26/2013,437875,3312 W MAIN ST,010F00370000,10/22/2012
03/15/2013,437921,4305 W MUHAMMAD ALI BLVD,007A00300000,03/15/2013
03/19/2013,437969,1471 BLUEGRASS AVE,066E01470000,03/19/2013
04/08/2013,437990,3730 RIVER PARK DR,006C01400000,04/25/2012
12/03/2013,438292,1212 EUCLID AVE,063A00750000,10/23/2012
05/21/2013,438344,1139 S 32ND ST,046H00720000,05/15/2013
02/08/2013,438584,1223 LYDIA ST,026D02420000,
03/21/2013,438621,2214 DUMESNIL ST,038L00760000,05/10/2012
10/08/2013,438632,5600 SOUTHSIDE DR,060E00670000,02/20/2013
11/20/2013,438636,2649 ROWAN ST,003J00540000,05/02/2012
05/17/2013,438653,1705 LEE CT,024C00600000,02/22/2013
10/16/2013,438736,1527 SHINGO AVE,067B00930000,05/02/2012
04/02/2013,438980,677 S 38TH ST,006F01220000,09/27/2012
04/29/2013,439126,231 KENOAK DR,061H01000083,10/16/2012
04/15/2013,439362,4018 PRESTON HWY,083J00350000,
05/07/2013,439519,1508 S 28TH ST,040F00740000,06/01/2012
04/17/2013,439762,536 DRESDEN AVE,052C01180000,04/17/2013
03/06/2013,439846,2119 W BURNETT AVE,041C01490000,05/15/2012
10/22/2013,440160,1715 W GAULBERT AVE,039F00380000,05/14/2012
11/25/2013,440165,1713 W GAULBERT AVE,039F00390000,05/14/2012
11/01/2013,440335,511 N 17TH ST,015H00050000,05/15/2012
03/20/2013,440500,1301 LYDIA ST,026E00220000,11/05/2012
04/15/2013,440606,1790 W HILL ST,041F00890000,04/15/2013
02/27/2013,440902,2821 W MADISON ST,002G00220000,09/25/2012
03/12/2013,440973,1008 S 32ND ST,045C00440000,06/07/2012
04/19/2013,441079,105 E SOUTHERN HEIGHTS AVE,057C00620000,05/29/2012
03/04/2013,441104,1109 CHARLES ST,025J02580000,03/04/2013
12/17/2013,441291,1737 W GAULBERT AVE,039F01760000,11/08/2012
05/10/2013,441398,3825 MIAMI AVE,011B01120000,05/24/2012
02/28/2013,441464,2808 S 5TH ST,050F00340000,05/29/2012
05/01/2013,441472,819 DEARBORN AVE,043F00750000,05/01/2013
06/25/2013,441931,115 S 42ND ST,009H00150000,05/31/2012
10/14/2013,441984,323 N 20TH ST,003G02200000,06/04/2013
01/24/2013,442269,864 FETTER AVE,024J00530000,11/04/2013
12/17/2013,442376,1788 BOLLING AVE,041F01460000,06/04/2012
02/19/2013,442394,628 S 22ND ST,001C00400000,06/28/2012
02/12/2013,442586,6600 ROB ROY ST,059E01940000,12/17/2012
06/12/2013,442662,658 S 39TH ST,006F00600000,10/02/2012
12/11/2013,442701,1431 HEMLOCK ST,048J01000000,06/07/2012
04/01/2013,442747,958 S 6TH ST 1,029E00620000,06/08/2012
04/17/2013,442751,2329 MAPLE ST,036A00510000,10/07/2013
12/11/2013,442814,2636 GREENWOOD AVE,046G01270000,07/02/2012
01/23/2013,443281,631 MADELON CT,006H01940000,07/16/2012
12/03/2013,443311,1123 EUCLID AVE,063C00160000,06/14/2012
01/04/2013,443634,679 MADELON CT,006H00480000,10/21/2013
12/09/2013,443655,702 INVERNESS AVE,061G00330000,
05/21/2013,443917,2010 STANDARD AVE,041C01950000,06/20/2012
05/14/2013,444443,3346 GRAND AVE,045F00390000,07/05/2012
04/03/2013,444704,3623 WHEELER AVE,065B00870000,01/08/2014
12/05/2013,445304,1400 GARVEY DR,090D00200000,09/10/2013
10/25/2013,445478,1614 ARLING AVE,067E00490000,07/19/2012
12/04/2013,445809,1549 DUMESNIL ST,039B01320000,12/04/2013
03/21/2013,445931,645 MIX AVE,034F00880000,03/21/2013
12/02/2013,445944,1242 EUCLID AVE,063A00630000,07/09/2012
10/04/2013,446426,1919 W MARKET ST,003M00510000,07/12/2012
10/29/2013,446504,2015 ROWAN ST,003G02460000,05/08/2013
10/08/2013,446522,3380 DEARCY AVE,051D01360000,03/28/2013
03/15/2013,446560,2235 7TH STREET RD,063A01100000,07/17/2012
05/16/2013,446576,2335 W HILL ST,040G00870000,07/17/2012
11/12/2013,446945,221 W BURNETT AVE,033B00900000,11/21/2012
12/10/2013,446950,1222 S 15TH ST,039B01720000,03/27/2013
03/20/2013,447629,2535 DUNCAN ST,003E00900000,07/23/2012
10/17/2013,447737,1632 BEECH ST,049D00410000,10/29/2012
04/19/2013,447975,230 E SOUTHERN HEIGHTS AVE,057J01840000,08/14/2012
04/09/2013,448010,2110 BURWELL AVE,041E01040000,12/03/2012
01/14/2013,448047,821 LOUIS COLEMAN JR DR,043G01960000,09/17/2012
01/16/2013,448430,335 GLENDORA AVE,008D00060000,07/31/2012
05/13/2013,448431,1139 LYDIA ST,026C00520000,08/06/2012
01/08/2013,448527,219 S 25TH ST,002C01170000,09/24/2012
02/26/2013,448537,1536 WALTER AVE,067B00170000,08/01/2012
10/01/2013,449151,4205 W MARKET ST,009G01290000,10/01/2013
03/28/2013,449264,2810 DESHLER DR,087K00640000,08/14/2012
01/29/2013,449520,1213 S PRESTON ST,023A00070000,08/10/2012
03/15/2013,449549,508 BRENTWOOD AVE,052F00590000,08/15/2012
01/11/2013,449867,2408 CEDAR ST,002H01590000,10/03/2013
01/22/2013,449868,2412 CEDAR ST,002H01720000,09/17/2012
02/26/2013,449874,2423 CEDAR ST,002C01560000,08/15/2012
03/28/2013,449904,1507 S 35TH ST,049B01460046,08/21/2012
04/02/2013,449937,2215 W MADISON ST,002J00360000,08/16/2012
03/18/2013,450114,517 HEYWOOD AVE,050J00980000,11/21/2012
11/22/2013,450333,2730 HALE AVE,046K00840000,12/03/2012
11/18/2013,450378,2402 W CHESTNUT ST,001B01360000,11/18/2013
05/14/2013,450706,4244 ALLMOND AVE,055K01280000,08/22/2012
09/27/2013,450772,1506 ANNA LN,090F02180037,08/24/2012
03/25/2013,451127,2210 WOODLAND AVE,041B00250000,09/10/2012
04/23/2013,451146,2730 CHASE CT,001F00190000,04/23/2013
10/22/2013,451387,1769 W GAULBERT AVE,041F00740000,08/28/2012
11/15/2013,451592,1816 W CHESTNUT ST,001E00800000,11/15/2013
03/04/2013,451798,2704 DELOR AVE,024L00290000,10/08/2013
11/18/2013,451915,2337 MAGAZINE ST,001C00070000,11/18/2013
05/09/2013,452087,2846 W MARKET ST,002A00350000,12/12/2012
04/08/2013,452095,411 M ST,050F02320000,01/07/2013
02/05/2013,452108,2614 DUNCAN ST,003J00230000,
03/14/2013,452135,1114 ALGONQUIN PKY,063C00080000,12/05/2012
05/09/2013,452641,1004 W ASHLAND AVE,053H00660000,09/13/2012
09/27/2013,452680,226 GHEENS AVE,060E00080000,09/13/2012
03/25/2013,452719,2327 W HILL ST,040G00910000,09/13/2012
10/01/2013,453017,4115 RIVER PARK DR,007B00910000,01/23/2013
02/07/2013,453316,2123 ST LOUIS AVE,041A00240000,09/21/2012
03/29/2013,453323,3234 WELLINGMOOR AVE,081L00320000,09/21/2012
02/26/2013,453826,4321 LONSDALE AVE,067A00060000,10/01/2012
12/09/2013,454049,1744 W GAULBERT AVE,039F00040000,09/28/2012
11/11/2013,454552,1654 W KENTUCKY ST,037D02190000,11/11/2013
03/28/2013,455066,4130 S 5TH ST,052J00920000,10/22/2013
03/19/2013,455143,524 W WOODLAWN AVE,054F00720000,10/10/2012
04/04/2013,455418,103 N KEATS AVE,072B00540000,10/15/2012
03/19/2013,455539,2627 ROWAN ST,003J00650000,10/29/2012
11/19/2013,455712,2727 W MADISON ST,002G00520000,11/19/2013
03/19/2013,455733,222 N 26TH ST,003J00310000,03/19/2013
09/25/2013,455843,2334 W MADISON ST,001C01210000,09/25/2013
02/12/2013,456318,4192 SHERMAN AVE,085B01951181,10/23/2012
03/27/2013,456357,1721 LYTLE ST,015G01630000,10/25/2012
05/30/2013,456753,3510 DEL PARK TER,006G00790000,03/28/2013
11/13/2013,456957,801 S 15TH ST,036J00230000,11/14/2012
01/10/2013,457246,4018 LARKWOOD AVE,007C00140000,11/07/2012
04/12/2013,457484,1212 DRESDEN AVE,052A00250000,11/13/2013
11/25/2013,457823,220 DR W J HODGE ST 2,002E01400000,11/19/2012
11/07/2013,458821,1201 EUCLID AVE,063A00490000,12/07/2012
03/29/2013,459313,3815 7TH STREET RD,090E00010000,12/12/2012
11/18/2013,460425,836 S 12TH ST,036K00580000,
02/22/2013,460769,4181 SHERMAN AVE,085C00450000,02/22/2013
04/29/2013,462213,820 S 40TH ST,043D00860000,01/29/2013
04/25/2013,462611,2115 W KENTUCKY ST,038B00740000,02/04/2013
02/07/2013,462795,1705 ST LOUIS AVE,039C00590000,02/07/2013
04/04/2013,462879,630 S 35TH ST,006G01420000,02/20/2013
10/21/2013,463244,1767 W LEE ST,041F02050000,01/07/2014
02/20/2013,463299,306 S 28TH ST,002A00590000,02/20/2013
04/01/2013,463659,1152 S 26TH ST,046K01110000,02/22/2013
09/27/2013,464052,4336 SADIE LN,090D01480000,03/04/2013
05/01/2013,465101,719 E ST CATHERINE ST,022G00470000,03/14/2013
05/01/2013,465590,1324 OLIVE ST,048E00670000,03/21/2013
10/10/2013,465822,613 N 27TH ST,005F00040000,04/18/2013
12/02/2013,465993,1248 EUCLID AVE,063A00610000,03/28/2013
10/08/2013,466009,1043 S HANCOCK ST,022G00170000,03/28/2013
05/15/2013,466622,3326 VIRGINIA AVE,045J00280000,04/04/2013
04/17/2013,466635,113 N BIRCHWOOD AVE,072F00280000,
05/07/2013,467042,1310 S 26TH ST,048E01620000,05/07/2013
12/11/2013,467087,735 GHEENS AVE,061D00870007,05/14/2013
04/22/2013,467698,534 BRENTWOOD AVE,052F00480018,04/22/2013
11/19/2013,468427,4926 S 2ND ST,060B00810000,04/26/2013
05/01/2013,468713,2224 W ORMSBY AVE,038L00220000,05/01/2013
05/15/2013,468857,2912 GARFIELD AVE,003A00630000,04/29/2013
05/16/2013,468970,3824 HILLCREEK RD,091P00940000,
05/20/2013,469156,1832 W LEE ST,041D00570000,05/10/2013
11/19/2013,469230,1840 W HILL ST,041D02010000,05/01/2013
05/10/2013,469248,1135 EVERETT AVE,075D00670000,05/08/2013
08/14/2013,469971,2415 GARLAND AVE,036F00630000,05/08/2013
11/13/2013,470032,1136 EUCLID AVE,063B00850000,05/09/2013
05/10/2013,470062,1010 BERRY BLVD,052D01580000,05/10/2013
10/29/2013,470205,1544 S 30TH ST,049C01130000,05/10/2013
12/23/2013,470404,5116 REED AVE,061F00360000,10/11/2013
05/14/2013,470534,4307 S 1ST ST,055K00280000,05/14/2013
05/15/2013,470702,3409 CHAUNCEY AVE,049B01600000,05/15/2013
06/10/2013,470729,3807 WEWOKA AVE,011E01180000,05/14/2013
05/21/2013,470806,1300 S 23RD ST,038K00890000,05/21/2013
05/15/2013,470813,3322 VIRGINIA AVE,045J00300000,05/15/2013
11/01/2013,471035,1831 HALE AVE,038F00290000,11/01/2013
05/17/2013,471224,4502 HALE AVE,044D00580000,05/17/2013
11/04/2013,471513,1410 SOUTHGATE AVE,064B00590000,
05/31/2013,471520,1616 S 22ND ST,041D00880000,05/31/2013
12/09/2013,8853,1627 PRENTICE ST,037D02290000,12/09/2013
10/09/2013,20343,1339 S 32ND ST,048C00710000,08/29/2013
12/09/2013,53819,1629 PRENTICE ST,037D02280000,12/09/2013
08/08/2013,93956,3132 GARLAND AVE,046C00920000,04/13/2009
12/12/2013,98579,1447 S 11TH ST,042B00540000,07/24/2008
10/31/2013,100753,643 MIX AVE,034F00890000,10/10/2012
10/24/2013,111678,1512 GALLAGHER ST,037G00730000,10/24/2013
02/15/2013,113944,1420 BERRY BLVD,065A01450000,07/25/2011
12/09/2013,118554,1625 PRENTICE ST,037D02300000,12/09/2013
11/20/2013,125425,2721 MAGAZINE ST,001A00260000,11/20/2013
11/13/2013,131497,1301 DIXIE HWY,039C00950000,11/13/2013
03/22/2013,133351,2311 HOWARD ST,036F02190000,10/11/2012
12/03/2013,134734,1739 WILSON AVE,039C01530000,12/03/2013
04/09/2013,134805,2124 W MADISON ST,001D00720000,08/28/2012
11/25/2013,145883,1307 S 16TH ST,039D01210000,11/25/2013
12/04/2013,148089,1520 DUMESNIL ST,039B00740000,12/04/2013
10/18/2013,151337,1421 HASKIN AVE,067D01010000,03/22/2012
03/29/2013,151917,3409 W KENTUCKY ST,045B00750000,11/15/2011
10/08/2013,152596,1715 GALLAGHER ST,037D00210000,10/08/2013
11/25/2013,152998,1311 S 16TH ST,039D01190000,11/25/2013
12/09/2013,188187,1633 PRENTICE ST,037D02260000,12/09/2013
12/09/2013,0D00907,1609 PRENTICE ST,037D02380000,12/09/2013
11/13/2013,0L00194,1143 DIXIE HWY,037F01000000,11/13/2013
11/15/2013,0V01074,2322 W MUHAMMAD ALI BLVD,002J00560000,11/15/2013
09/12/2013,13PM10740,2603 W KENTUCKY ST,046D01810000,09/12/2013
12/17/2013,13PM11327,2301 W KENTUCKY ST,038A00790000,09/18/2013
09/24/2013,13PM11926,4139 GREENWOOD AVE,044B00070000,09/24/2013
11/19/2013,13PM15806,2716 W MADISON ST,001A01330000,11/19/2013
08/13/2013,13PM1584,3229 HERMAN ST,008H00760000,05/31/2013
11/27/2013,13PM2078,714 S 20TH ST,036B01560000,11/27/2013
11/01/2013,13PM2125,1513 BEECH ST,049D00530000,11/01/2013
10/14/2013,13PM2525,423 N 22ND ST,004J00700000,06/13/2013
07/17/2013,13PM2783,3314 W KENTUCKY ST,045C00290000,06/17/2013
06/19/2013,13PM2947,2615 W MUHAMMAD ALI BLVD,002H00870000,06/19/2013
06/21/2013,13PM3157,356 N 27TH ST,004G00840000,06/21/2013
10/22/2013,13PM4072,523 N 27TH ST,004B00860000,07/09/2013
10/10/2013,13PM4101,124 N 20TH ST,003M01350000,07/09/2013
10/30/2013,13PM4141,1916 W MARKET ST,002F01090000,07/09/2013
08/07/2013,13PM4145,3431 LARKWOOD AVE,008G01540000,09/25/2013
10/28/2013,13PM4414,2722 RODMAN ST,050E00670000,07/13/2013
08/08/2013,13PM4732,618 S 28TH ST,001A00140000,07/14/2013
12/12/2013,13PM6001,1123 W HILL ST,042B00010000,07/24/2013
07/26/2013,13PM6163,2223 CEDAR ST,002D00300000,07/26/2013
08/01/2013,13PM6908,2108 CLEVELAND AVE,004J01380000,08/01/2013
10/29/2013,13PM7189,2139 ROWAN ST,003G02540000,08/05/2013
10/28/2013,13PM7566,2121 BANK ST,004D01330000,08/08/2013
05/17/2013,159498,2015 W BROADWAY,001J00240000,06/01/2012
11/01/2013,160501,1766 W BURNETT AVE,041F01980000,10/03/2012
02/25/2013,198941,2703 W JEFFERSON ST,002B00840000,10/23/2009
08/08/2013,200179,3138 GARLAND AVE,046C00890000,08/23/2010
11/05/2013,203464,913 W LEE ST,042C00630000,11/29/2010
10/09/2013,207271,1745 DUMESNIL ST,039A01070000,10/09/2013
12/04/2013,207275,1755 DUMESNIL ST,039A01030000,12/04/2013
11/13/2013,207965,1147 DIXIE HWY,037F00980000,11/13/2013
04/24/2013,208209,1458 S 9TH ST,042B00970000,01/27/2010
11/27/2013,220546,1104 S 17TH ST,037D00390000,11/27/2013
05/22/2013,222339,3032 PENWAY AVE,040K01830061,10/11/2013
11/13/2013,225743,1303 DIXIE HWY,039C00940000,11/13/2013
04/25/2013,236536,826 S 23RD ST,036F02550000,02/20/2008
10/14/2013,238796,1121 W HILL ST,042B00010000,05/14/2013
11/27/2013,249433,926 DUMESNIL ST,031C00210000,01/26/2007
11/01/2013,250858,535 N 20TH ST,004E01340000,03/23/2010
12/04/2013,258659,1613 DUMESNIL ST,039B01020000,12/04/2013
10/30/2013,259747,1716 W KENTUCKY ST,037D01950000,10/30/2013
10/30/2013,267958,1456 S 12TH ST,042A00670000,06/20/2011
05/10/2013,268020,1743 ST LOUIS AVE,039C00440000,05/23/2007
11/18/2013,273152,329 N 43RD ST,009C00910000,02/15/2012
10/16/2013,280294,1806 LYTLE ST,015G00510000,12/13/2012
03/06/2013,281386,125 BOSTON CT,009H00410000,03/06/2013
10/14/2013,288137,1779 WILSON AVE,039C01080000,11/14/2013
11/27/2013,297874,641 MIX AVE,034F01100000,05/28/2010
05/08/2013,299013,4408 EXLEY CT,044G00670000,03/24/2010
12/20/2013,301435,915 W LEE ST,042C00630000,11/29/2010
11/27/2013,304861,1232 ALGONQUIN PKY,063A00130000,11/03/2011
11/05/2013,311413,921 W LEE ST,042C00520000,11/29/2011
11/04/2013,312293,1955 S 16TH ST,042F00040000,05/15/2012
10/16/2013,319234,1729 HALE AVE,037F01120000,10/16/2013
12/20/2013,319961,1325 S 28TH ST,048E00450000,11/01/2011
10/29/2013,322344,2011 ROWAN ST,003G00550000,03/24/2011
11/11/2013,326922,1854 PORTLAND AVE,015G01070000,07/11/2012
11/04/2013,328858,1953 S 16TH ST,042F00270000,01/02/2013
04/04/2013,336322,208 S 28TH ST,002A00960000,01/09/2013
01/18/2013,338260,531 S 18TH ST,013A00180000,12/07/2012
12/04/2013,339473,1768 DUMESNIL ST,039A00360000,12/04/2013
05/10/2013,344479,3802 MIAMI AVE,011B01040000,03/29/2010
12/03/2013,350990,1786 W HILL ST,041F00910000,10/05/2011
10/17/2013,360783,1519 HALE AVE,037G00520000,10/17/2013
10/17/2013,360896,1521 HALE AVE,037G01450000,10/17/2013
12/09/2013,371827,1713 PRENTICE ST,037D01880000,12/09/2013
04/09/2013,372634,229 STEEDLY DR,059H00750000,08/09/2012
05/10/2013,376222,3800 MIAMI AVE,011B01040000,05/07/2010
05/29/2013,376358,3808 MIAMI AVE,011B01020000,05/07/2010
11/07/2013,379227,220 N 18TH ST,015F00500000,11/29/2012
11/22/2013,379951,1323 CYPRESS ST,048E01330000,
11/20/2013,381132,663 CURRY CT,006F00350000,06/23/2010
11/20/2013,382130,2723 MAGAZINE ST,001A00250000,11/20/2013
11/19/2013,382131,2719 MAGAZINE ST,001A00270000,11/19/2013
12/04/2013,394415,1748 DUMESNIL ST,039A00470000,12/04/2013
11/26/2013,394934,1449 S 11TH ST,042B01270000,12/01/2010
11/12/2013,396073,1441 S 9TH ST,031J02100000,12/08/2010
11/12/2013,396075,1449 S 9TH ST,031J00630000,10/23/2012
10/09/2013,403094,3909 BANK ST,011B00370000,03/30/2011
10/11/2013,403681,1799 WILSON AVE,039C00970000,11/11/2013
10/28/2013,406758,1160 S 15TH ST,037G00360000,03/27/2013
10/29/2013,407424,2333 ROWAN ST,003F00010000,11/01/2012
04/23/2013,407433,2343 W CHESTNUT ST,001C00810000,08/26/2013
10/22/2013,408197,3506 HALE AVE,045H00910000,
12/26/2013,408513,1780 WILSON AVE,039C00730000,
04/11/2013,408626,4016 LARKWOOD AVE,007C00150000,05/20/2011
11/27/2013,408754,1738 WILSON AVE,039C01450000,05/20/2011
11/26/2013,408769,1414 S 9TH ST,042B01180000,05/20/2011
05/15/2013,409129,3502 VERMONT AVE,007H01300000,08/01/2012
10/31/2013,409250,1628 WILSON AVE,039D00510000,06/14/2011
10/25/2013,409931,2719 BANK ST,004B00430000,06/02/2011
05/10/2013,410076,3940 PFLANZ AVE,011B00170000,07/16/2012
04/10/2013,410761,831 S 32ND ST,043H01180000,04/10/2013
10/30/2013,411285,1725 W KENTUCKY ST,037A00190000,10/30/2013
11/11/2013,411650,1607 W KENTUCKY ST,037A00700000,11/11/2013
11/05/2013,411678,225 S 24TH ST,002D00820000,06/14/2011
03/14/2013,412057,909 S 6TH ST,029F00450000,08/09/2011
11/22/2013,412653,2431 MONTGOMERY ST,005F01660000,08/30/2012
03/11/2013,413583,1704 ST LOUIS AVE,039C00300000,06/30/2011
12/30/2013,413587,1708 ST LOUIS AVE,039C00280000,06/30/2011
02/08/2013,414087,512 E ORMSBY AVE,023D00930000,07/14/2011
11/05/2013,414222,1100 W KENTUCKY ST,037J01470000,07/08/2011
05/17/2013,414957,1135 S 15TH ST,037H00130000,10/19/2012
11/15/2013,415249,1829 HALE AVE,038F00300000,11/15/2013
10/30/2013,417629,2009 W MAIN ST,003M01140000,08/08/2011
11/27/2013,419003,714 OAKLAND AVE,031J02030000,12/07/2011
04/04/2013,419057,410 S 26TH ST,002B00290000,08/23/2011
11/07/2013,420295,1809 CONGRESS ST,002F01360000,01/08/2013
10/14/2013,422105,406 N 20TH ST,004K00110000,10/14/2013
12/09/2013,423724,1765 W HILL ST,041F01320000,10/07/2011
11/12/2013,427163,2326 COLUMBIA ST,003F02250000,12/20/2011
11/05/2013,427224,215 N 24TH ST,003F00020000,02/07/2013
10/31/2013,427499,2109 W MUHAMMAD ALI BLVD,002K00710000,12/21/2011
03/20/2013,432296,2530 DUNCAN ST,003E00330000,02/28/2012
11/19/2013,432594,2502 MAGAZINE ST,001G01840000,11/19/2013
05/09/2013,432809,4063 LA SALLE AVE,066G00360000,02/27/2012
05/10/2013,434614,3932 PFLANZ AVE,011B00170000,03/21/2012
11/20/2013,434995,2727 MAGAZINE ST,001A00230000,11/20/2013
11/20/2013,435078,2725 MAGAZINE ST,001A00240000,11/20/2013
02/20/2013,435265,2630 GARLAND AVE,046D02020000,03/30/2012
10/07/2013,435313,315 N 21ST ST,003G01660000,03/30/2012
05/13/2013,435420,4114 WHEELER AVE,066E00730000,04/02/2012
12/11/2013,436825,640 JORDAN AVE,034F01090000,04/12/2012
11/01/2013,437295,1530 W BRECKINRIDGE ST,037B00990000,11/01/2013
10/30/2013,437820,1725 W KENTUCKY ST,037A01860000,10/30/2013
10/31/2013,437848,1741 W KENTUCKY ST,037A00110000,10/31/2013
10/31/2013,437852,1745 W KENTUCKY ST,037A00070000,10/31/2013
11/04/2013,438107,660 DAVIES AVE,034F00550000,10/08/2012
03/11/2013,438138,2705 CHICKASAW AVE,088D00810000,08/04/2012
03/15/2013,438381,115 N 28TH ST,003J00800000,04/27/2012
12/18/2013,438480,1501 CLOVER TRACE PL,090H00700000,
04/10/2013,438529,212 N 26TH ST,003J00720000,07/09/2012
11/27/2013,438920,629 MIX AVE,034F00930000,08/13/2012
10/24/2013,439010,1518 GALLAGHER ST,037G00700000,10/24/2013
03/18/2013,439071,4133 GREENWOOD AVE,044B00090000,03/18/2013
03/01/2013,439207,819 E BURNETT AVE,026F00310000,05/14/2012
04/02/2013,439391,715 E JACOB ST,021B01630000,10/18/2013
10/31/2013,440176,2113 W MUHAMMAD ALI BLVD,002K00690000,07/16/2012
11/06/2013,440933,2201 DUNCAN ST,003F02320000,05/22/2012
10/07/2013,441331,326 N 22ND ST,003F02060000,05/23/2012
10/31/2013,441362,1730 WILSON AVE,039D00010000,05/23/2012
04/29/2013,441407,2100 BOLLING AVE,041C00330000,04/29/2013
10/30/2013,441497,1450 S 11TH ST,042B01420000,05/30/2012
06/12/2013,441800,671 S 39TH ST,006F00770000,05/30/2012
04/10/2013,441930,3228 HERMAN ST,008H00440000,10/17/2013
02/26/2013,442104,406 S 26TH ST,002B00310000,06/21/2012
11/21/2013,442214,1483 OAKWOOD AVE,067B00400000,06/06/2012
03/22/2013,442363,863 S 24TH ST,036F01010000,03/22/2013
11/22/2013,442745,733 COLORADO AVE,034C00090000,06/12/2012
04/02/2013,442967,2236 W CHESTNUT ST,001C00660000,06/14/2012
03/11/2013,443057,324 E ST CATHERINE ST,030K01020000,03/11/2013
03/29/2013,443202,910 S 17TH ST,037A01080000,05/15/2013
10/29/2013,443314,2107 7TH STREET RD,063A00060000,06/26/2012
10/11/2013,443711,1799 WILSON AVE,039C00980000,10/11/2013
11/05/2013,444148,1530 W OAK ST,039B01610000,11/05/2013
09/09/2013,446030,4527 HAZELWOOD AVE,067F00280000,07/06/2012
11/25/2013,446186,1215 S 16TH ST,039B01290000,11/25/2013
05/10/2013,446765,3928 PFLANZ AVE,011B00170000,07/16/2012
08/09/2013,446819,3019 GREENWOOD AVE,046C00160000,07/17/2012
11/11/2013,447567,1314 HEMLOCK ST,048D00390000,07/23/2012
10/22/2013,448523,1509 ANDERSON ST,036D01050000,10/22/2013
07/31/2013,448527,219 S 25TH ST,002C01170000,09/24/2012
11/06/2013,448885,2128 W JEFFERSON ST,002E00240000,08/03/2012
12/20/2013,449086,1139 CECIL AVE,044H00640000,08/06/2012
07/18/2013,449222,827 LOUIS COLEMAN JR DR,043G01990000,09/17/2012
10/31/2013,449856,2219 CEDAR ST,002D00320000,08/15/2012
11/13/2013,449858,2110 W JEFFERSON ST,002E00330000,
11/19/2013,449908,2725 W MADISON ST,002G00530000,11/19/2013
12/18/2013,450003,6400 CLOVER TRACE CIR,090H00700000,11/15/2013
02/26/2013,450023,309 S 32ND ST,008H01070000,08/16/2012
01/10/2013,450724,3143 DEL PARK TER,007K01380000,09/25/2012
11/18/2013,450792,2402 MAGAZINE ST,001G01930000,11/18/2013
04/23/2013,451153,650 S 27TH ST,001F00530000,04/23/2013
04/24/2013,451591,1801 BEECH ST,040B00250000,09/10/2013
02/26/2013,451794,401 S 26TH ST,002C00020000,09/24/2012
04/23/2013,452117,832 MARSHALL ST,017K00400000,10/15/2012
10/16/2013,452949,1733 HALE AVE,037F01090000,10/16/2013
03/22/2013,453544,2519 ELLIOTT AVE,001G01380000,09/21/2012
11/13/2013,453755,1025 DIXIE HWY,037D00950000,11/13/2013
10/01/2013,454170,421 N 42ND ST,011E01460000,10/04/2012
03/20/2013,454758,3908 NORTHWESTERN PKY,011B00790000,01/11/2013
11/18/2013,456357,1721 LYTLE ST,015G01630000,10/25/2012
02/26/2013,456559,535 LOUIS COLEMAN JR DR,007J01340000,11/08/2012
06/19/2013,457566,642 S 26TH ST,001G01280000,11/13/2012
04/11/2013,457803,307 AMY AVE,008F00770000,11/19/2012
01/29/2013,458713,642 DR W J HODGE ST,001H01270000,12/05/2012
04/26/2013,459037,719 COKE ST,022B01700000,12/10/2012
12/11/2013,459313,3815 7TH STREET RD,090E00010000,12/12/2012
11/12/2013,463468,1715 GARLAND AVE,037A01200000,11/12/2013
11/13/2013,463590,1724 GALLAGHER ST,037F01290000,11/13/2013
11/27/2013,464526,317 N 20TH ST,003G02180000,03/21/2013
10/18/2013,465590,1324 OLIVE ST,048E00670000,03/21/2013
10/09/2013,466074,2621 S 5TH ST,050D00580000,03/28/2013
04/26/2013,467323,410 N 44TH ST,009B01190000,04/26/2013
05/10/2013,467850,3804 MIAMI AVE,011B01030000,05/10/2013
04/24/2013,468138,1386 DIXIE HWY,041B01100000,09/10/2013
05/02/2013,468530,2201 ST LOUIS AVE,041A00110000,05/02/2013
05/02/2013,468852,2300 WOODLAND AVE,040J00580000,10/15/2013
05/16/2013,469577,2018 ST LOUIS AVE,041B00880000,05/16/2013
05/13/2013,469611,2709 W CHESTNUT ST,001A01200000,05/13/2013
12/30/2013,470238,1120 W HILL ST,042E00180000,05/10/2013
11/14/2013,470955,311 N 44TH ST,009C00510000,05/15/2013
10/22/2013,471100,629 N 28TH ST,005E00720000,06/19/2013
05/22/2013,471785,1512 W MARKET ST,014A00770000,05/22/2013